,Date,Company,Title,Location,Description,Level,Type,Function,Industry,Link
0,2023-05-25,PT Adaro Energy Indonesia Tbk,1,"Lembang, West Java, Indonesia",,,,,,https://id.linkedin.com/jobs/view/risk-management-staff-at-asuransi-astra-3616714403?refId=ch4MA9UTCd2UY7%2FrUoDjKw%3D%3D&trackingId=iW6VnwgPX1IXHV6RgtxwSw%3D%3D&position=25&pageNum=6&trk=public_jobs_jserp-result_search-card
1,2023-05-25,PT Adaro Energy Indonesia Tbk,1,"Lembang, West Java, Indonesia",,,,,,https://id.linkedin.com/jobs/view/risk-management-staff-at-asuransi-astra-3616714403?refId=ch4MA9UTCd2UY7%2FrUoDjKw%3D%3D&trackingId=iW6VnwgPX1IXHV6RgtxwSw%3D%3D&position=25&pageNum=6&trk=public_jobs_jserp-result_search-card
2,2023-05-10,PT Adaro Energy Indonesia Tbk,1,"Lembang, West Java, Indonesia",,,,,,https://id.linkedin.com/jobs/view/risk-management-staff-at-asuransi-astra-3616714403?refId=ch4MA9UTCd2UY7%2FrUoDjKw%3D%3D&trackingId=iW6VnwgPX1IXHV6RgtxwSw%3D%3D&position=25&pageNum=6&trk=public_jobs_jserp-result_search-card
3,2023-05-10,PT Adaro Energy Indonesia Tbk,1,"Lembang, West Java, Indonesia",,,,,,https://id.linkedin.com/jobs/view/risk-management-staff-at-asuransi-astra-3616714403?refId=ch4MA9UTCd2UY7%2FrUoDjKw%3D%3D&trackingId=iW6VnwgPX1IXHV6RgtxwSw%3D%3D&position=25&pageNum=6&trk=public_jobs_jserp-result_search-card
4,2023-04-13,PT Adaro Energy Indonesia Tbk,1,"Lembang, West Java, Indonesia",,,,,,https://id.linkedin.com/jobs/view/risk-management-staff-at-asuransi-astra-3616714403?refId=ch4MA9UTCd2UY7%2FrUoDjKw%3D%3D&trackingId=iW6VnwgPX1IXHV6RgtxwSw%3D%3D&position=25&pageNum=6&trk=public_jobs_jserp-result_search-card
5,2023-05-10,PT Adaro Energy Indonesia Tbk,1,"Lembang, West Java, Indonesia",,,,,,https://id.linkedin.com/jobs/view/risk-management-staff-at-asuransi-astra-3616714403?refId=ch4MA9UTCd2UY7%2FrUoDjKw%3D%3D&trackingId=iW6VnwgPX1IXHV6RgtxwSw%3D%3D&position=25&pageNum=6&trk=public_jobs_jserp-result_search-card
6,2023-05-10,PT Adaro Energy Indonesia Tbk,1,"Lembang, West Java, Indonesia",,,,,,https://id.linkedin.com/jobs/view/risk-management-staff-at-asuransi-astra-3616714403?refId=ch4MA9UTCd2UY7%2FrUoDjKw%3D%3D&trackingId=iW6VnwgPX1IXHV6RgtxwSw%3D%3D&position=25&pageNum=6&trk=public_jobs_jserp-result_search-card
7,2023-05-25,PT Adaro Energy Indonesia Tbk,11,"Lembang, West Java, Indonesia",,,,,,https://id.linkedin.com/jobs/view/risk-management-staff-at-asuransi-astra-3616714403?refId=ch4MA9UTCd2UY7%2FrUoDjKw%3D%3D&trackingId=iW6VnwgPX1IXHV6RgtxwSw%3D%3D&position=25&pageNum=6&trk=public_jobs_jserp-result_search-card
8,2023-05-25,PT Adaro Energy Indonesia Tbk,11,"Lembang, West Java, Indonesia",,,,,,https://id.linkedin.com/jobs/view/risk-management-staff-at-asuransi-astra-3616714403?refId=ch4MA9UTCd2UY7%2FrUoDjKw%3D%3D&trackingId=iW6VnwgPX1IXHV6RgtxwSw%3D%3D&position=25&pageNum=6&trk=public_jobs_jserp-result_search-card
9,2023-05-23,PT Sampoerna Agro Tbk,Kepala Tata Usaha,"Jakarta, Jakarta, Indonesia",,,,,,https://id.linkedin.com/jobs/view/risk-management-staff-at-asuransi-astra-3616714403?refId=ch4MA9UTCd2UY7%2FrUoDjKw%3D%3D&trackingId=iW6VnwgPX1IXHV6RgtxwSw%3D%3D&position=25&pageNum=6&trk=public_jobs_jserp-result_search-card
10,2023-05-23,PT Sampoerna Agro Tbk,Asisten Traksi/Asisten Pabrik,"Jakarta, Jakarta, Indonesia",,,,,,https://id.linkedin.com/jobs/view/risk-management-staff-at-asuransi-astra-3616714403?refId=ch4MA9UTCd2UY7%2FrUoDjKw%3D%3D&trackingId=iW6VnwgPX1IXHV6RgtxwSw%3D%3D&position=25&pageNum=6&trk=public_jobs_jserp-result_search-card
11,2023-05-25,PT Adaro Energy Indonesia Tbk,11,"Lembang, West Java, Indonesia",,,,,,https://id.linkedin.com/jobs/view/risk-management-staff-at-asuransi-astra-3616714403?refId=ch4MA9UTCd2UY7%2FrUoDjKw%3D%3D&trackingId=iW6VnwgPX1IXHV6RgtxwSw%3D%3D&position=25&pageNum=6&trk=public_jobs_jserp-result_search-card
12,2023-05-15,PT Adaro Energy Indonesia Tbk,11,"Lembang, West Java, Indonesia",,,,,,https://id.linkedin.com/jobs/view/risk-management-staff-at-asuransi-astra-3616714403?refId=ch4MA9UTCd2UY7%2FrUoDjKw%3D%3D&trackingId=iW6VnwgPX1IXHV6RgtxwSw%3D%3D&position=25&pageNum=6&trk=public_jobs_jserp-result_search-card
13,2023-05-15,PT Adaro Energy Indonesia Tbk,11,"Lembang, West Java, Indonesia",,,,,,https://id.linkedin.com/jobs/view/risk-management-staff-at-asuransi-astra-3616714403?refId=ch4MA9UTCd2UY7%2FrUoDjKw%3D%3D&trackingId=iW6VnwgPX1IXHV6RgtxwSw%3D%3D&position=25&pageNum=6&trk=public_jobs_jserp-result_search-card
14,2023-05-23,PT Sampoerna Agro Tbk,Asisten Kebun,"Jakarta, Jakarta, Indonesia",,,,,,https://id.linkedin.com/jobs/view/risk-management-staff-at-asuransi-astra-3616714403?refId=ch4MA9UTCd2UY7%2FrUoDjKw%3D%3D&trackingId=iW6VnwgPX1IXHV6RgtxwSw%3D%3D&position=25&pageNum=6&trk=public_jobs_jserp-result_search-card
15,2023-05-23,PT Bank Muamalat Indonesia Tbk,Customer Service - Yogyakarta Branch,Greater Yogyakarta,,,,,,https://id.linkedin.com/jobs/view/risk-management-staff-at-asuransi-astra-3616714403?refId=ch4MA9UTCd2UY7%2FrUoDjKw%3D%3D&trackingId=iW6VnwgPX1IXHV6RgtxwSw%3D%3D&position=25&pageNum=6&trk=public_jobs_jserp-result_search-card
16,2023-04-20,PT. Surya TOTO Indonesia Tbk,HRD & GA,"Jakarta, Jakarta, Indonesia",,,,,,https://id.linkedin.com/jobs/view/risk-management-staff-at-asuransi-astra-3616714403?refId=ch4MA9UTCd2UY7%2FrUoDjKw%3D%3D&trackingId=iW6VnwgPX1IXHV6RgtxwSw%3D%3D&position=25&pageNum=6&trk=public_jobs_jserp-result_search-card
17,2023-05-23,PT. Tiki Jalur Nugraha Ekakurir (JNE),Account Executive,Jakarta Metropolitan Area,,,,,,https://id.linkedin.com/jobs/view/risk-management-staff-at-asuransi-astra-3616714403?refId=ch4MA9UTCd2UY7%2FrUoDjKw%3D%3D&trackingId=iW6VnwgPX1IXHV6RgtxwSw%3D%3D&position=25&pageNum=6&trk=public_jobs_jserp-result_search-card
18,2023-05-09,PT GITS Indonesia,Accounting Staff,"Babakan Sari, West Java, Indonesia",,,,,,https://id.linkedin.com/jobs/view/risk-management-staff-at-asuransi-astra-3616714403?refId=ch4MA9UTCd2UY7%2FrUoDjKw%3D%3D&trackingId=iW6VnwgPX1IXHV6RgtxwSw%3D%3D&position=25&pageNum=6&trk=public_jobs_jserp-result_search-card
19,2023-05-23,PT. Sarimelati Kencana Tbk.,Production Supervisor,Jakarta Metropolitan Area,,,,,,https://id.linkedin.com/jobs/view/risk-management-staff-at-asuransi-astra-3616714403?refId=ch4MA9UTCd2UY7%2FrUoDjKw%3D%3D&trackingId=iW6VnwgPX1IXHV6RgtxwSw%3D%3D&position=25&pageNum=6&trk=public_jobs_jserp-result_search-card
20,2023-04-17,Astra Credit Companies (ACC),Auditor,"Jakarta, Jakarta, Indonesia",,,,,,https://id.linkedin.com/jobs/view/risk-management-staff-at-asuransi-astra-3616714403?refId=ch4MA9UTCd2UY7%2FrUoDjKw%3D%3D&trackingId=iW6VnwgPX1IXHV6RgtxwSw%3D%3D&position=25&pageNum=6&trk=public_jobs_jserp-result_search-card
21,2023-05-25,Astra Credit Companies (ACC),Architect Internship - General Affair Department,"Jakarta, Jakarta, Indonesia",,,,,,https://id.linkedin.com/jobs/view/risk-management-staff-at-asuransi-astra-3616714403?refId=ch4MA9UTCd2UY7%2FrUoDjKw%3D%3D&trackingId=iW6VnwgPX1IXHV6RgtxwSw%3D%3D&position=25&pageNum=6&trk=public_jobs_jserp-result_search-card
22,2023-05-19,Kalbe Nutritionals (PT Sanghiang Perkasa),Key Account Manager,"Jakarta, Jakarta, Indonesia",,,,,,https://id.linkedin.com/jobs/view/risk-management-staff-at-asuransi-astra-3616714403?refId=ch4MA9UTCd2UY7%2FrUoDjKw%3D%3D&trackingId=iW6VnwgPX1IXHV6RgtxwSw%3D%3D&position=25&pageNum=6&trk=public_jobs_jserp-result_search-card
23,2023-04-24,"PT BFI Finance Indonesia, Tbk",2023- Marketing Showroom (MRE) BFI Lampung,"Tanjung Karang Barat, Lampung, Indonesia",,,,,,https://id.linkedin.com/jobs/view/risk-management-staff-at-asuransi-astra-3616714403?refId=ch4MA9UTCd2UY7%2FrUoDjKw%3D%3D&trackingId=iW6VnwgPX1IXHV6RgtxwSw%3D%3D&position=25&pageNum=6&trk=public_jobs_jserp-result_search-card
24,2023-04-30,PT. Surya TOTO Indonesia Tbk,Designer,"Jakarta, Jakarta, Indonesia",,,,,,https://id.linkedin.com/jobs/view/risk-management-staff-at-asuransi-astra-3616714403?refId=ch4MA9UTCd2UY7%2FrUoDjKw%3D%3D&trackingId=iW6VnwgPX1IXHV6RgtxwSw%3D%3D&position=25&pageNum=6&trk=public_jobs_jserp-result_search-card
25,2023-04-17,PT Dua Komunikasi Indonesia,Bandar Jaya,"Sungkai Tengah, Lampung, Indonesia",,,,,,https://id.linkedin.com/jobs/view/risk-management-staff-at-asuransi-astra-3616714403?refId=ch4MA9UTCd2UY7%2FrUoDjKw%3D%3D&trackingId=iW6VnwgPX1IXHV6RgtxwSw%3D%3D&position=25&pageNum=6&trk=public_jobs_jserp-result_search-card
26,2023-05-23,PT Sampoerna Agro Tbk,STAR Engineering,"Jakarta, Jakarta, Indonesia",,,,,,https://id.linkedin.com/jobs/view/risk-management-staff-at-asuransi-astra-3616714403?refId=ch4MA9UTCd2UY7%2FrUoDjKw%3D%3D&trackingId=iW6VnwgPX1IXHV6RgtxwSw%3D%3D&position=25&pageNum=6&trk=public_jobs_jserp-result_search-card
27,2023-05-03,"PT. Summarecon Agung, Tbk.",OFFICER - ADMIN MARKETING (SERPONG),"Serpong, Banten, Indonesia",,,,,,https://id.linkedin.com/jobs/view/risk-management-staff-at-asuransi-astra-3616714403?refId=ch4MA9UTCd2UY7%2FrUoDjKw%3D%3D&trackingId=iW6VnwgPX1IXHV6RgtxwSw%3D%3D&position=25&pageNum=6&trk=public_jobs_jserp-result_search-card
28,2023-05-23,PT. Sarimelati Kencana Tbk.,Quality Control Supervisor,Jakarta Metropolitan Area,,,,,,https://id.linkedin.com/jobs/view/risk-management-staff-at-asuransi-astra-3616714403?refId=ch4MA9UTCd2UY7%2FrUoDjKw%3D%3D&trackingId=iW6VnwgPX1IXHV6RgtxwSw%3D%3D&position=25&pageNum=6&trk=public_jobs_jserp-result_search-card
29,2023-05-19,Kalbe Nutritionals (PT Sanghiang Perkasa),IT Web Developer,"Jakarta, Jakarta, Indonesia",,,,,,https://id.linkedin.com/jobs/view/risk-management-staff-at-asuransi-astra-3616714403?refId=ch4MA9UTCd2UY7%2FrUoDjKw%3D%3D&trackingId=iW6VnwgPX1IXHV6RgtxwSw%3D%3D&position=25&pageNum=6&trk=public_jobs_jserp-result_search-card
30,2023-05-27,The Jakarta Post,Project Officer,Jakarta Metropolitan Area,,,,,,https://id.linkedin.com/jobs/view/risk-management-staff-at-asuransi-astra-3616714403?refId=ch4MA9UTCd2UY7%2FrUoDjKw%3D%3D&trackingId=iW6VnwgPX1IXHV6RgtxwSw%3D%3D&position=25&pageNum=6&trk=public_jobs_jserp-result_search-card
31,2023-05-23,PT Sampoerna Agro Tbk,STAR Accounting,"Jakarta, Jakarta, Indonesia",,,,,,https://id.linkedin.com/jobs/view/risk-management-staff-at-asuransi-astra-3616714403?refId=ch4MA9UTCd2UY7%2FrUoDjKw%3D%3D&trackingId=iW6VnwgPX1IXHV6RgtxwSw%3D%3D&position=25&pageNum=6&trk=public_jobs_jserp-result_search-card
32,2023-05-27,Astra Credit Companies (ACC),Fraud Investigator,"Jakarta, Jakarta, Indonesia",,,,,,https://id.linkedin.com/jobs/view/risk-management-staff-at-asuransi-astra-3616714403?refId=ch4MA9UTCd2UY7%2FrUoDjKw%3D%3D&trackingId=iW6VnwgPX1IXHV6RgtxwSw%3D%3D&position=25&pageNum=6&trk=public_jobs_jserp-result_search-card
33,2023-05-27,PT. Golden Roof Polymer,Asisten Direktur,"Tangerang, Banten, Indonesia",,,,,,https://id.linkedin.com/jobs/view/risk-management-staff-at-asuransi-astra-3616714403?refId=ch4MA9UTCd2UY7%2FrUoDjKw%3D%3D&trackingId=iW6VnwgPX1IXHV6RgtxwSw%3D%3D&position=25&pageNum=6&trk=public_jobs_jserp-result_search-card
34,2023-04-20,PT. Rekayasa Engineering,Accounting Staff,"Jakarta, Jakarta, Indonesia",,,,,,https://id.linkedin.com/jobs/view/risk-management-staff-at-asuransi-astra-3616714403?refId=ch4MA9UTCd2UY7%2FrUoDjKw%3D%3D&trackingId=iW6VnwgPX1IXHV6RgtxwSw%3D%3D&position=25&pageNum=6&trk=public_jobs_jserp-result_search-card
35,2023-05-03,"PT. Summarecon Agung, Tbk.",ADMIN PROYEK (SERPONG),"Serpong, Banten, Indonesia",,,,,,https://id.linkedin.com/jobs/view/risk-management-staff-at-asuransi-astra-3616714403?refId=ch4MA9UTCd2UY7%2FrUoDjKw%3D%3D&trackingId=iW6VnwgPX1IXHV6RgtxwSw%3D%3D&position=25&pageNum=6&trk=public_jobs_jserp-result_search-card
36,2023-05-01,PT Onix Kreatif Indonesia,Accounting,Jakarta Metropolitan Area,,,,,,https://id.linkedin.com/jobs/view/risk-management-staff-at-asuransi-astra-3616714403?refId=ch4MA9UTCd2UY7%2FrUoDjKw%3D%3D&trackingId=iW6VnwgPX1IXHV6RgtxwSw%3D%3D&position=25&pageNum=6&trk=public_jobs_jserp-result_search-card
37,2023-04-28,Astra Credit Companies (ACC),Creative Design,"Jakarta, Jakarta, Indonesia",,,,,,https://id.linkedin.com/jobs/view/risk-management-staff-at-asuransi-astra-3616714403?refId=ch4MA9UTCd2UY7%2FrUoDjKw%3D%3D&trackingId=iW6VnwgPX1IXHV6RgtxwSw%3D%3D&position=25&pageNum=6&trk=public_jobs_jserp-result_search-card
38,2023-05-23,PT Alam Sutera Realty Tbk.,IT Support,"Tangerang, Banten, Indonesia",,,,,,https://id.linkedin.com/jobs/view/risk-management-staff-at-asuransi-astra-3616714403?refId=ch4MA9UTCd2UY7%2FrUoDjKw%3D%3D&trackingId=iW6VnwgPX1IXHV6RgtxwSw%3D%3D&position=25&pageNum=6&trk=public_jobs_jserp-result_search-card
39,2023-04-16,PT Bank Neo Commerce Tbk,Admin,"Jakarta, Jakarta, Indonesia",,,,,,https://id.linkedin.com/jobs/view/risk-management-staff-at-asuransi-astra-3616714403?refId=ch4MA9UTCd2UY7%2FrUoDjKw%3D%3D&trackingId=iW6VnwgPX1IXHV6RgtxwSw%3D%3D&position=25&pageNum=6&trk=public_jobs_jserp-result_search-card
40,2023-05-09,PT Smartfren Telecom Tbk,Accounting Staff,"Jakarta, Jakarta, Indonesia",,,,,,https://id.linkedin.com/jobs/view/risk-management-staff-at-asuransi-astra-3616714403?refId=ch4MA9UTCd2UY7%2FrUoDjKw%3D%3D&trackingId=iW6VnwgPX1IXHV6RgtxwSw%3D%3D&position=25&pageNum=6&trk=public_jobs_jserp-result_search-card
41,2023-05-27,Harisenin.com,Human Capital Intern,"Jakarta, Jakarta, Indonesia",,,,,,https://id.linkedin.com/jobs/view/risk-management-staff-at-asuransi-astra-3616714403?refId=ch4MA9UTCd2UY7%2FrUoDjKw%3D%3D&trackingId=iW6VnwgPX1IXHV6RgtxwSw%3D%3D&position=25&pageNum=6&trk=public_jobs_jserp-result_search-card
42,2023-05-27,Harisenin.com,Talent Development (Program Bootcamp HR),"Jakarta, Jakarta, Indonesia",,,,,,https://id.linkedin.com/jobs/view/risk-management-staff-at-asuransi-astra-3616714403?refId=ch4MA9UTCd2UY7%2FrUoDjKw%3D%3D&trackingId=iW6VnwgPX1IXHV6RgtxwSw%3D%3D&position=25&pageNum=6&trk=public_jobs_jserp-result_search-card
43,2023-05-25,Harisenin.com,Community Marketing,"Jakarta, Jakarta, Indonesia",,,,,,https://id.linkedin.com/jobs/view/risk-management-staff-at-asuransi-astra-3616714403?refId=ch4MA9UTCd2UY7%2FrUoDjKw%3D%3D&trackingId=iW6VnwgPX1IXHV6RgtxwSw%3D%3D&position=25&pageNum=6&trk=public_jobs_jserp-result_search-card
44,2023-05-14,SICEPAT EKSPRES INDONESIA,Learning Instruction Supervisor,"Jakarta, Jakarta, Indonesia",,,,,,https://id.linkedin.com/jobs/view/risk-management-staff-at-asuransi-astra-3616714403?refId=ch4MA9UTCd2UY7%2FrUoDjKw%3D%3D&trackingId=iW6VnwgPX1IXHV6RgtxwSw%3D%3D&position=25&pageNum=6&trk=public_jobs_jserp-result_search-card
45,2023-04-20,PT. Rekayasa Engineering,Legal Staff,"Jakarta, Jakarta, Indonesia",,,,,,https://id.linkedin.com/jobs/view/risk-management-staff-at-asuransi-astra-3616714403?refId=ch4MA9UTCd2UY7%2FrUoDjKw%3D%3D&trackingId=iW6VnwgPX1IXHV6RgtxwSw%3D%3D&position=25&pageNum=6&trk=public_jobs_jserp-result_search-card
46,2023-05-12,"Love, Bonito",Sales Assistant AEON Mall BSD (Fulltime),"South Tangerang City, Banten, Indonesia",,,,,,https://id.linkedin.com/jobs/view/risk-management-staff-at-asuransi-astra-3616714403?refId=ch4MA9UTCd2UY7%2FrUoDjKw%3D%3D&trackingId=iW6VnwgPX1IXHV6RgtxwSw%3D%3D&position=25&pageNum=6&trk=public_jobs_jserp-result_search-card
47,2023-05-02,PT TRIPUTRA AGRO PERSADA GROUP,Kepala Tata Usaha,"Berau, East Kalimantan, Indonesia",,,,,,https://id.linkedin.com/jobs/view/risk-management-staff-at-asuransi-astra-3616714403?refId=ch4MA9UTCd2UY7%2FrUoDjKw%3D%3D&trackingId=iW6VnwgPX1IXHV6RgtxwSw%3D%3D&position=25&pageNum=6&trk=public_jobs_jserp-result_search-card
48,2023-04-13,"PT BFI Finance Indonesia, Tbk",MT - Business Relationship Officer (Sidoarjo),"Sidoarjo, East Java, Indonesia",,,,,,https://id.linkedin.com/jobs/view/risk-management-staff-at-asuransi-astra-3616714403?refId=ch4MA9UTCd2UY7%2FrUoDjKw%3D%3D&trackingId=iW6VnwgPX1IXHV6RgtxwSw%3D%3D&position=25&pageNum=6&trk=public_jobs_jserp-result_search-card
49,2023-04-15,PT Air Mas Perkasa,Staf Admin AP (Account Payable),Jakarta Metropolitan Area,,,,,,https://id.linkedin.com/jobs/view/risk-management-staff-at-asuransi-astra-3616714403?refId=ch4MA9UTCd2UY7%2FrUoDjKw%3D%3D&trackingId=iW6VnwgPX1IXHV6RgtxwSw%3D%3D&position=25&pageNum=6&trk=public_jobs_jserp-result_search-card
50,2023-05-10,Tim Koding Indonesia,Gudang,"Jakarta, Jakarta, Indonesia",,,,,,https://id.linkedin.com/jobs/view/risk-management-staff-at-asuransi-astra-3616714403?refId=ch4MA9UTCd2UY7%2FrUoDjKw%3D%3D&trackingId=iW6VnwgPX1IXHV6RgtxwSw%3D%3D&position=25&pageNum=6&trk=public_jobs_jserp-result_search-card
51,2023-05-10,Matana University,Staf Fakultas Seni Desain & Humaniora,"Tangerang, Banten, Indonesia",,,,,,https://id.linkedin.com/jobs/view/risk-management-staff-at-asuransi-astra-3616714403?refId=ch4MA9UTCd2UY7%2FrUoDjKw%3D%3D&trackingId=iW6VnwgPX1IXHV6RgtxwSw%3D%3D&position=25&pageNum=6&trk=public_jobs_jserp-result_search-card
52,2023-04-20,PT. Rekayasa Engineering,Civil Engineering,"Jakarta, Jakarta, Indonesia",,,,,,https://id.linkedin.com/jobs/view/risk-management-staff-at-asuransi-astra-3616714403?refId=ch4MA9UTCd2UY7%2FrUoDjKw%3D%3D&trackingId=iW6VnwgPX1IXHV6RgtxwSw%3D%3D&position=25&pageNum=6&trk=public_jobs_jserp-result_search-card
53,2023-05-03,PT Sinarmas Multifinance,IT Junior Java Developer,"Jakarta, Jakarta, Indonesia",,,,,,https://id.linkedin.com/jobs/view/risk-management-staff-at-asuransi-astra-3616714403?refId=ch4MA9UTCd2UY7%2FrUoDjKw%3D%3D&trackingId=iW6VnwgPX1IXHV6RgtxwSw%3D%3D&position=25&pageNum=6&trk=public_jobs_jserp-result_search-card
54,2023-05-19,Emtek (PT Elang Mahkota Teknologi Tbk),Finance Accounting Officer,Jakarta Metropolitan Area,,,,,,https://id.linkedin.com/jobs/view/risk-management-staff-at-asuransi-astra-3616714403?refId=ch4MA9UTCd2UY7%2FrUoDjKw%3D%3D&trackingId=iW6VnwgPX1IXHV6RgtxwSw%3D%3D&position=25&pageNum=6&trk=public_jobs_jserp-result_search-card
55,2023-05-30,PT Kapal Api Global,Supply Chain Admin Staff,"Jakarta, Indonesia",,,,,,https://id.linkedin.com/jobs/view/risk-management-staff-at-asuransi-astra-3616714403?refId=ch4MA9UTCd2UY7%2FrUoDjKw%3D%3D&trackingId=iW6VnwgPX1IXHV6RgtxwSw%3D%3D&position=25&pageNum=6&trk=public_jobs_jserp-result_search-card
56,2023-05-26,TIX ID,Business Development Associate,"Jakarta, Jakarta, Indonesia",,,,,,https://id.linkedin.com/jobs/view/risk-management-staff-at-asuransi-astra-3616714403?refId=ch4MA9UTCd2UY7%2FrUoDjKw%3D%3D&trackingId=iW6VnwgPX1IXHV6RgtxwSw%3D%3D&position=25&pageNum=6&trk=public_jobs_jserp-result_search-card
57,2023-05-08,"PT. Summarecon Agung, Tbk.",ADMIN - TOWN MANAGEMENT (BEKASI),"Bekasi, West Java, Indonesia",,,,,,https://id.linkedin.com/jobs/view/risk-management-staff-at-asuransi-astra-3616714403?refId=ch4MA9UTCd2UY7%2FrUoDjKw%3D%3D&trackingId=iW6VnwgPX1IXHV6RgtxwSw%3D%3D&position=25&pageNum=6&trk=public_jobs_jserp-result_search-card
58,2023-04-20,PT. Rekayasa Engineering,Corporate Communication Officer,"Jakarta, Jakarta, Indonesia",,,,,,https://id.linkedin.com/jobs/view/risk-management-staff-at-asuransi-astra-3616714403?refId=ch4MA9UTCd2UY7%2FrUoDjKw%3D%3D&trackingId=iW6VnwgPX1IXHV6RgtxwSw%3D%3D&position=25&pageNum=6&trk=public_jobs_jserp-result_search-card
59,2023-05-26,Suritex,STAFF PRODUKSI,"Cimahi, West Java, Indonesia",,,,,,https://id.linkedin.com/jobs/view/risk-management-staff-at-asuransi-astra-3616714403?refId=ch4MA9UTCd2UY7%2FrUoDjKw%3D%3D&trackingId=iW6VnwgPX1IXHV6RgtxwSw%3D%3D&position=25&pageNum=6&trk=public_jobs_jserp-result_search-card
60,2023-05-27,Movenpick Jakarta Pecenongan,Receiving Staff,"Jakarta, Jakarta, Indonesia",,,,,,https://id.linkedin.com/jobs/view/risk-management-staff-at-asuransi-astra-3616714403?refId=ch4MA9UTCd2UY7%2FrUoDjKw%3D%3D&trackingId=iW6VnwgPX1IXHV6RgtxwSw%3D%3D&position=25&pageNum=6&trk=public_jobs_jserp-result_search-card
61,2023-05-14,SICEPAT EKSPRES INDONESIA,Product Advisor Staff,"Jakarta, Jakarta, Indonesia",,,,,,https://id.linkedin.com/jobs/view/risk-management-staff-at-asuransi-astra-3616714403?refId=ch4MA9UTCd2UY7%2FrUoDjKw%3D%3D&trackingId=iW6VnwgPX1IXHV6RgtxwSw%3D%3D&position=25&pageNum=6&trk=public_jobs_jserp-result_search-card
62,2023-04-23,Shopee,IT Helpdesk (Solo/Surakarta) - Shopee,"Surakarta, Central Java, Indonesia",,,,,,https://id.linkedin.com/jobs/view/risk-management-staff-at-asuransi-astra-3616714403?refId=ch4MA9UTCd2UY7%2FrUoDjKw%3D%3D&trackingId=iW6VnwgPX1IXHV6RgtxwSw%3D%3D&position=25&pageNum=6&trk=public_jobs_jserp-result_search-card
63,2023-05-01,Britannia Hotels Ltd,Food & Beverage Assistant,"Your, Papua, Indonesia",,,,,,https://id.linkedin.com/jobs/view/risk-management-staff-at-asuransi-astra-3616714403?refId=ch4MA9UTCd2UY7%2FrUoDjKw%3D%3D&trackingId=iW6VnwgPX1IXHV6RgtxwSw%3D%3D&position=25&pageNum=6&trk=public_jobs_jserp-result_search-card
64,2023-05-19,Kalbe Nutritionals (PT Sanghiang Perkasa),IT Product Specialist,"Jakarta, Jakarta, Indonesia",,,,,,https://id.linkedin.com/jobs/view/risk-management-staff-at-asuransi-astra-3616714403?refId=ch4MA9UTCd2UY7%2FrUoDjKw%3D%3D&trackingId=iW6VnwgPX1IXHV6RgtxwSw%3D%3D&position=25&pageNum=6&trk=public_jobs_jserp-result_search-card
65,2023-04-27,"PT BFI Finance Indonesia, Tbk",Agency Relation Motorcycle - Denpasar 2023,"Denpasar, Bali, Indonesia",,,,,,https://id.linkedin.com/jobs/view/risk-management-staff-at-asuransi-astra-3616714403?refId=ch4MA9UTCd2UY7%2FrUoDjKw%3D%3D&trackingId=iW6VnwgPX1IXHV6RgtxwSw%3D%3D&position=25&pageNum=6&trk=public_jobs_jserp-result_search-card
66,2023-04-20,PT. Rekayasa Engineering,Mechanical Engineering,"Jakarta, Jakarta, Indonesia",,,,,,https://id.linkedin.com/jobs/view/risk-management-staff-at-asuransi-astra-3616714403?refId=ch4MA9UTCd2UY7%2FrUoDjKw%3D%3D&trackingId=iW6VnwgPX1IXHV6RgtxwSw%3D%3D&position=25&pageNum=6&trk=public_jobs_jserp-result_search-card
67,2023-05-27,PT. Siseda Pepade,HR Administrasi,"Duri Utara, Jakarta, Indonesia",,,,,,https://id.linkedin.com/jobs/view/risk-management-staff-at-asuransi-astra-3616714403?refId=ch4MA9UTCd2UY7%2FrUoDjKw%3D%3D&trackingId=iW6VnwgPX1IXHV6RgtxwSw%3D%3D&position=25&pageNum=6&trk=public_jobs_jserp-result_search-card
68,2023-05-24,PT Kaldu Sari Nabati Indonesia,Cost Control Staff,"Bandung, East Java, Indonesia",,,,,,https://id.linkedin.com/jobs/view/risk-management-staff-at-asuransi-astra-3616714403?refId=ch4MA9UTCd2UY7%2FrUoDjKw%3D%3D&trackingId=iW6VnwgPX1IXHV6RgtxwSw%3D%3D&position=25&pageNum=6&trk=public_jobs_jserp-result_search-card
69,2023-04-23,Ionic,Admin Gudang,"Jakarta, Jakarta, Indonesia",,,,,,https://id.linkedin.com/jobs/view/risk-management-staff-at-asuransi-astra-3616714403?refId=ch4MA9UTCd2UY7%2FrUoDjKw%3D%3D&trackingId=iW6VnwgPX1IXHV6RgtxwSw%3D%3D&position=25&pageNum=6&trk=public_jobs_jserp-result_search-card
70,2023-05-17,PT Smartfren Telecom Tbk,Executive Personal Assistant,"Jakarta, Jakarta, Indonesia",,,,,,https://id.linkedin.com/jobs/view/risk-management-staff-at-asuransi-astra-3616714403?refId=ch4MA9UTCd2UY7%2FrUoDjKw%3D%3D&trackingId=iW6VnwgPX1IXHV6RgtxwSw%3D%3D&position=25&pageNum=6&trk=public_jobs_jserp-result_search-card
71,2023-05-06,PT. Wira Internasional Teknologi,General Affair,Jakarta Metropolitan Area,,,,,,https://id.linkedin.com/jobs/view/risk-management-staff-at-asuransi-astra-3616714403?refId=ch4MA9UTCd2UY7%2FrUoDjKw%3D%3D&trackingId=iW6VnwgPX1IXHV6RgtxwSw%3D%3D&position=25&pageNum=6&trk=public_jobs_jserp-result_search-card
72,2023-05-14,SICEPAT EKSPRES INDONESIA,Intern Admin Procurement,"Jakarta, Jakarta, Indonesia",,,,,,https://id.linkedin.com/jobs/view/risk-management-staff-at-asuransi-astra-3616714403?refId=ch4MA9UTCd2UY7%2FrUoDjKw%3D%3D&trackingId=iW6VnwgPX1IXHV6RgtxwSw%3D%3D&position=25&pageNum=6&trk=public_jobs_jserp-result_search-card
73,2023-04-17,Agung Logistics,Collection Staff,"Jakarta, Jakarta, Indonesia",,,,,,https://id.linkedin.com/jobs/view/risk-management-staff-at-asuransi-astra-3616714403?refId=ch4MA9UTCd2UY7%2FrUoDjKw%3D%3D&trackingId=iW6VnwgPX1IXHV6RgtxwSw%3D%3D&position=25&pageNum=6&trk=public_jobs_jserp-result_search-card
74,2023-05-19,Divulga Vagas,Abastecedor,"Natal, North Sumatra, Indonesia",,,,,,https://id.linkedin.com/jobs/view/risk-management-staff-at-asuransi-astra-3616714403?refId=ch4MA9UTCd2UY7%2FrUoDjKw%3D%3D&trackingId=iW6VnwgPX1IXHV6RgtxwSw%3D%3D&position=25&pageNum=6&trk=public_jobs_jserp-result_search-card
75,2023-04-15,"PT BFI Finance Indonesia, Tbk",Management Trainee - Asset Management,Greater Yogyakarta,,,,,,https://id.linkedin.com/jobs/view/risk-management-staff-at-asuransi-astra-3616714403?refId=ch4MA9UTCd2UY7%2FrUoDjKw%3D%3D&trackingId=iW6VnwgPX1IXHV6RgtxwSw%3D%3D&position=25&pageNum=6&trk=public_jobs_jserp-result_search-card
76,2023-05-05,Astra Credit Companies (ACC),Area Litigation DKI II,"Jakarta, Jakarta, Indonesia",,,,,,https://id.linkedin.com/jobs/view/risk-management-staff-at-asuransi-astra-3616714403?refId=ch4MA9UTCd2UY7%2FrUoDjKw%3D%3D&trackingId=iW6VnwgPX1IXHV6RgtxwSw%3D%3D&position=25&pageNum=6&trk=public_jobs_jserp-result_search-card
77,2023-05-20,PT. Borneo Alumindo Prima,Sopir Operasional,"Jakarta, Jakarta, Indonesia",,,,,,https://id.linkedin.com/jobs/view/risk-management-staff-at-asuransi-astra-3616714403?refId=ch4MA9UTCd2UY7%2FrUoDjKw%3D%3D&trackingId=iW6VnwgPX1IXHV6RgtxwSw%3D%3D&position=25&pageNum=6&trk=public_jobs_jserp-result_search-card
78,2023-05-16,Pan Era Group,Social Media Staff,"Jakarta, Jakarta, Indonesia",,,,,,https://id.linkedin.com/jobs/view/risk-management-staff-at-asuransi-astra-3616714403?refId=ch4MA9UTCd2UY7%2FrUoDjKw%3D%3D&trackingId=iW6VnwgPX1IXHV6RgtxwSw%3D%3D&position=25&pageNum=6&trk=public_jobs_jserp-result_search-card
79,2023-05-27,PT. Global Bintang Timur Ekspress (J&T Express Jakarta),General Affair Staff,Jakarta Metropolitan Area,,,,,,https://id.linkedin.com/jobs/view/risk-management-staff-at-asuransi-astra-3616714403?refId=ch4MA9UTCd2UY7%2FrUoDjKw%3D%3D&trackingId=iW6VnwgPX1IXHV6RgtxwSw%3D%3D&position=25&pageNum=6&trk=public_jobs_jserp-result_search-card
80,2023-05-24,PT Kaldu Sari Nabati Indonesia,Production Foreman,"Majalengka, West Java, Indonesia",,,,,,https://id.linkedin.com/jobs/view/risk-management-staff-at-asuransi-astra-3616714403?refId=ch4MA9UTCd2UY7%2FrUoDjKw%3D%3D&trackingId=iW6VnwgPX1IXHV6RgtxwSw%3D%3D&position=25&pageNum=6&trk=public_jobs_jserp-result_search-card
81,2023-04-20,PT. Rekayasa Engineering,HSE Supervisor,"Jakarta, Jakarta, Indonesia",,,,,,https://id.linkedin.com/jobs/view/risk-management-staff-at-asuransi-astra-3616714403?refId=ch4MA9UTCd2UY7%2FrUoDjKw%3D%3D&trackingId=iW6VnwgPX1IXHV6RgtxwSw%3D%3D&position=25&pageNum=6&trk=public_jobs_jserp-result_search-card
82,2023-05-24,PT Surya Bumi Permata,Administrative Staff,"Jakarta, Jakarta, Indonesia",,,,,,https://id.linkedin.com/jobs/view/risk-management-staff-at-asuransi-astra-3616714403?refId=ch4MA9UTCd2UY7%2FrUoDjKw%3D%3D&trackingId=iW6VnwgPX1IXHV6RgtxwSw%3D%3D&position=25&pageNum=6&trk=public_jobs_jserp-result_search-card
83,2023-04-20,Rukita,Procurement Staff,Jakarta Metropolitan Area,,,,,,https://id.linkedin.com/jobs/view/risk-management-staff-at-asuransi-astra-3616714403?refId=ch4MA9UTCd2UY7%2FrUoDjKw%3D%3D&trackingId=iW6VnwgPX1IXHV6RgtxwSw%3D%3D&position=25&pageNum=6&trk=public_jobs_jserp-result_search-card
84,2023-05-16,PT Foodex Inti Ingredients,PPIC Admin,"Bekasi, West Java, Indonesia",,,,,,https://id.linkedin.com/jobs/view/risk-management-staff-at-asuransi-astra-3616714403?refId=ch4MA9UTCd2UY7%2FrUoDjKw%3D%3D&trackingId=iW6VnwgPX1IXHV6RgtxwSw%3D%3D&position=25&pageNum=6&trk=public_jobs_jserp-result_search-card
85,2023-05-01,Great Giant Foods,Field Assistant ITN (Jawa Barat & Jawa Tengah),"Pemalang, Central Java, Indonesia",,,,,,https://id.linkedin.com/jobs/view/risk-management-staff-at-asuransi-astra-3616714403?refId=ch4MA9UTCd2UY7%2FrUoDjKw%3D%3D&trackingId=iW6VnwgPX1IXHV6RgtxwSw%3D%3D&position=25&pageNum=6&trk=public_jobs_jserp-result_search-card
86,2023-04-20,PT. Yupi Jelly Gum,Admin Warehouse,"Karanganyar, Central Java, Indonesia",,,,,,https://id.linkedin.com/jobs/view/risk-management-staff-at-asuransi-astra-3616714403?refId=ch4MA9UTCd2UY7%2FrUoDjKw%3D%3D&trackingId=iW6VnwgPX1IXHV6RgtxwSw%3D%3D&position=25&pageNum=6&trk=public_jobs_jserp-result_search-card
87,2023-04-20,Astra Credit Companies (ACC),IT System Analyst,"Sleman, Yogyakarta, Indonesia",,,,,,https://id.linkedin.com/jobs/view/risk-management-staff-at-asuransi-astra-3616714403?refId=ch4MA9UTCd2UY7%2FrUoDjKw%3D%3D&trackingId=iW6VnwgPX1IXHV6RgtxwSw%3D%3D&position=25&pageNum=6&trk=public_jobs_jserp-result_search-card
88,2023-05-16,Ã©L Hotel Royale Jakarta,Purchasing Officer,"Duri Utara, Jakarta, Indonesia",,,,,,https://id.linkedin.com/jobs/view/risk-management-staff-at-asuransi-astra-3616714403?refId=ch4MA9UTCd2UY7%2FrUoDjKw%3D%3D&trackingId=iW6VnwgPX1IXHV6RgtxwSw%3D%3D&position=25&pageNum=6&trk=public_jobs_jserp-result_search-card
89,2023-05-24,PT Surya Bumi Permata,Administrative Staff,Jakarta Metropolitan Area,,,,,,https://id.linkedin.com/jobs/view/risk-management-staff-at-asuransi-astra-3616714403?refId=ch4MA9UTCd2UY7%2FrUoDjKw%3D%3D&trackingId=iW6VnwgPX1IXHV6RgtxwSw%3D%3D&position=25&pageNum=6&trk=public_jobs_jserp-result_search-card
90,2023-05-15,MyRobin.ID,Account Payable Staff,"Yogyakarta, Yogyakarta, Indonesia",,,,,,https://id.linkedin.com/jobs/view/risk-management-staff-at-asuransi-astra-3616714403?refId=ch4MA9UTCd2UY7%2FrUoDjKw%3D%3D&trackingId=iW6VnwgPX1IXHV6RgtxwSw%3D%3D&position=25&pageNum=6&trk=public_jobs_jserp-result_search-card
91,2023-05-01,majoo Indonesia,Field Operations (Tangerang Kota),"Meruya Selatan, Jakarta, Indonesia",,,,,,https://id.linkedin.com/jobs/view/risk-management-staff-at-asuransi-astra-3616714403?refId=ch4MA9UTCd2UY7%2FrUoDjKw%3D%3D&trackingId=iW6VnwgPX1IXHV6RgtxwSw%3D%3D&position=25&pageNum=6&trk=public_jobs_jserp-result_search-card
92,2023-04-23,Shopee,"Relationship Management - Business Development, Shopee","Jakarta, Indonesia",,,,,,https://id.linkedin.com/jobs/view/risk-management-staff-at-asuransi-astra-3616714403?refId=ch4MA9UTCd2UY7%2FrUoDjKw%3D%3D&trackingId=iW6VnwgPX1IXHV6RgtxwSw%3D%3D&position=25&pageNum=6&trk=public_jobs_jserp-result_search-card
93,2023-05-27,The Jakarta Post,Information Technology Support,Jakarta Metropolitan Area,,,,,,https://id.linkedin.com/jobs/view/risk-management-staff-at-asuransi-astra-3616714403?refId=ch4MA9UTCd2UY7%2FrUoDjKw%3D%3D&trackingId=iW6VnwgPX1IXHV6RgtxwSw%3D%3D&position=25&pageNum=6&trk=public_jobs_jserp-result_search-card
94,2023-05-10,Rukita,IT Technician,Jakarta Metropolitan Area,,,,,,https://id.linkedin.com/jobs/view/risk-management-staff-at-asuransi-astra-3616714403?refId=ch4MA9UTCd2UY7%2FrUoDjKw%3D%3D&trackingId=iW6VnwgPX1IXHV6RgtxwSw%3D%3D&position=25&pageNum=6&trk=public_jobs_jserp-result_search-card
95,2023-04-26,Shopee,"HR Operations, People","Jakarta, Indonesia",,,,,,https://id.linkedin.com/jobs/view/risk-management-staff-at-asuransi-astra-3616714403?refId=ch4MA9UTCd2UY7%2FrUoDjKw%3D%3D&trackingId=iW6VnwgPX1IXHV6RgtxwSw%3D%3D&position=25&pageNum=6&trk=public_jobs_jserp-result_search-card
96,2023-04-18,PT. Kopi Kina Indonesia,HR Administrative and Payroll Staff,Jakarta Metropolitan Area,,,,,,https://id.linkedin.com/jobs/view/risk-management-staff-at-asuransi-astra-3616714403?refId=ch4MA9UTCd2UY7%2FrUoDjKw%3D%3D&trackingId=iW6VnwgPX1IXHV6RgtxwSw%3D%3D&position=25&pageNum=6&trk=public_jobs_jserp-result_search-card
97,2023-05-15,Flip,Social Media Intern (Remote),Jakarta Metropolitan Area,,,,,,https://id.linkedin.com/jobs/view/risk-management-staff-at-asuransi-astra-3616714403?refId=ch4MA9UTCd2UY7%2FrUoDjKw%3D%3D&trackingId=iW6VnwgPX1IXHV6RgtxwSw%3D%3D&position=25&pageNum=6&trk=public_jobs_jserp-result_search-card
98,2023-04-21,PT Ogawa Indonesia,Staff / Operator Warehouse,"Karawang, West Java, Indonesia",,,,,,https://id.linkedin.com/jobs/view/risk-management-staff-at-asuransi-astra-3616714403?refId=ch4MA9UTCd2UY7%2FrUoDjKw%3D%3D&trackingId=iW6VnwgPX1IXHV6RgtxwSw%3D%3D&position=25&pageNum=6&trk=public_jobs_jserp-result_search-card
99,2023-05-17,Sampoerna Academy,SAMPOERNA ACADEMY - BUSINESS STUDIES - SECONDARY AY 23/24,"Tangerang Selatan, Banten, Indonesia",,,,,,https://id.linkedin.com/jobs/view/risk-management-staff-at-asuransi-astra-3616714403?refId=ch4MA9UTCd2UY7%2FrUoDjKw%3D%3D&trackingId=iW6VnwgPX1IXHV6RgtxwSw%3D%3D&position=25&pageNum=6&trk=public_jobs_jserp-result_search-card
100,2023-05-20,Moladin,Admin Coordinator (Tangerang),"Tangerang, Banten, Indonesia",,,,,,https://id.linkedin.com/jobs/view/risk-management-staff-at-asuransi-astra-3616714403?refId=ch4MA9UTCd2UY7%2FrUoDjKw%3D%3D&trackingId=iW6VnwgPX1IXHV6RgtxwSw%3D%3D&position=25&pageNum=6&trk=public_jobs_jserp-result_search-card
101,2023-04-12,Britannia Hotels Ltd,Bar Attendant,"Your, Papua, Indonesia",,,,,,https://id.linkedin.com/jobs/view/risk-management-staff-at-asuransi-astra-3616714403?refId=ch4MA9UTCd2UY7%2FrUoDjKw%3D%3D&trackingId=iW6VnwgPX1IXHV6RgtxwSw%3D%3D&position=25&pageNum=6&trk=public_jobs_jserp-result_search-card
102,2023-05-19,Kalbe Nutritionals (PT Sanghiang Perkasa),Data Architect and Governance,"Jakarta, Jakarta, Indonesia",,,,,,https://id.linkedin.com/jobs/view/risk-management-staff-at-asuransi-astra-3616714403?refId=ch4MA9UTCd2UY7%2FrUoDjKw%3D%3D&trackingId=iW6VnwgPX1IXHV6RgtxwSw%3D%3D&position=25&pageNum=6&trk=public_jobs_jserp-result_search-card
103,2023-05-29,PT NAV JAYA MANDIRI,SUPERVISOR OUTLET - SOLO,"Surakarta, Central Java, Indonesia",,,,,,https://id.linkedin.com/jobs/view/risk-management-staff-at-asuransi-astra-3616714403?refId=ch4MA9UTCd2UY7%2FrUoDjKw%3D%3D&trackingId=iW6VnwgPX1IXHV6RgtxwSw%3D%3D&position=25&pageNum=6&trk=public_jobs_jserp-result_search-card
104,2023-05-27,Movenpick Jakarta Pecenongan,Telephone Operator,"Jakarta, Jakarta, Indonesia",,,,,,https://id.linkedin.com/jobs/view/risk-management-staff-at-asuransi-astra-3616714403?refId=ch4MA9UTCd2UY7%2FrUoDjKw%3D%3D&trackingId=iW6VnwgPX1IXHV6RgtxwSw%3D%3D&position=25&pageNum=6&trk=public_jobs_jserp-result_search-card
105,2023-05-27,PT. Aarti Jaya,Copywriter,"Bandung, East Java, Indonesia",,,,,,https://id.linkedin.com/jobs/view/risk-management-staff-at-asuransi-astra-3616714403?refId=ch4MA9UTCd2UY7%2FrUoDjKw%3D%3D&trackingId=iW6VnwgPX1IXHV6RgtxwSw%3D%3D&position=25&pageNum=6&trk=public_jobs_jserp-result_search-card
106,2023-04-16,OY! Indonesia,Operations Online Officer,"Jakarta, Jakarta, Indonesia",,,,,,https://id.linkedin.com/jobs/view/risk-management-staff-at-asuransi-astra-3616714403?refId=ch4MA9UTCd2UY7%2FrUoDjKw%3D%3D&trackingId=iW6VnwgPX1IXHV6RgtxwSw%3D%3D&position=25&pageNum=6&trk=public_jobs_jserp-result_search-card
107,2023-05-05,PT Alam Sutera Realty Tbk.,Training Specialist,"Tangerang, Banten, Indonesia",,,,,,https://id.linkedin.com/jobs/view/risk-management-staff-at-asuransi-astra-3616714403?refId=ch4MA9UTCd2UY7%2FrUoDjKw%3D%3D&trackingId=iW6VnwgPX1IXHV6RgtxwSw%3D%3D&position=25&pageNum=6&trk=public_jobs_jserp-result_search-card
108,2023-05-27,PT. Equinox Bahari Utama,Oiler (2),"Jakarta, Jakarta, Indonesia",,,,,,https://id.linkedin.com/jobs/view/risk-management-staff-at-asuransi-astra-3616714403?refId=ch4MA9UTCd2UY7%2FrUoDjKw%3D%3D&trackingId=iW6VnwgPX1IXHV6RgtxwSw%3D%3D&position=25&pageNum=6&trk=public_jobs_jserp-result_search-card
109,2023-05-10,PT Jurong Engineering Lestari,Helper,"Balikpapan, East Kalimantan, Indonesia",,,,,,https://id.linkedin.com/jobs/view/risk-management-staff-at-asuransi-astra-3616714403?refId=ch4MA9UTCd2UY7%2FrUoDjKw%3D%3D&trackingId=iW6VnwgPX1IXHV6RgtxwSw%3D%3D&position=25&pageNum=6&trk=public_jobs_jserp-result_search-card
110,2023-05-23,"AYANA Resort and Spa, BALI",Reservations Agent,"Bali, Indonesia",,,,,,https://id.linkedin.com/jobs/view/risk-management-staff-at-asuransi-astra-3616714403?refId=ch4MA9UTCd2UY7%2FrUoDjKw%3D%3D&trackingId=iW6VnwgPX1IXHV6RgtxwSw%3D%3D&position=25&pageNum=6&trk=public_jobs_jserp-result_search-card
111,2023-04-20,PT. Rekayasa Engineering,Corporate Planning & Control Officer,"Jakarta, Jakarta, Indonesia",,,,,,https://id.linkedin.com/jobs/view/risk-management-staff-at-asuransi-astra-3616714403?refId=ch4MA9UTCd2UY7%2FrUoDjKw%3D%3D&trackingId=iW6VnwgPX1IXHV6RgtxwSw%3D%3D&position=25&pageNum=6&trk=public_jobs_jserp-result_search-card
112,2023-05-27,Movenpick Jakarta Pecenongan,Talent & Culture Admin,"Jakarta, Jakarta, Indonesia",,,,,,https://id.linkedin.com/jobs/view/risk-management-staff-at-asuransi-astra-3616714403?refId=ch4MA9UTCd2UY7%2FrUoDjKw%3D%3D&trackingId=iW6VnwgPX1IXHV6RgtxwSw%3D%3D&position=25&pageNum=6&trk=public_jobs_jserp-result_search-card
113,2023-04-20,PT REVOLUSI MILENIAL INDONESIA,Human Resources Development (HRD),"Duri Utara, Jakarta, Indonesia",,,,,,https://id.linkedin.com/jobs/view/risk-management-staff-at-asuransi-astra-3616714403?refId=ch4MA9UTCd2UY7%2FrUoDjKw%3D%3D&trackingId=iW6VnwgPX1IXHV6RgtxwSw%3D%3D&position=25&pageNum=6&trk=public_jobs_jserp-result_search-card
114,2023-04-17,OY! Indonesia,Operations Online Staff,"Jakarta, Indonesia",,,,,,https://id.linkedin.com/jobs/view/risk-management-staff-at-asuransi-astra-3616714403?refId=ch4MA9UTCd2UY7%2FrUoDjKw%3D%3D&trackingId=iW6VnwgPX1IXHV6RgtxwSw%3D%3D&position=25&pageNum=6&trk=public_jobs_jserp-result_search-card
115,2023-04-20,PT. Rekayasa Engineering,Electrical Engineering,"Jakarta, Jakarta, Indonesia",,,,,,https://id.linkedin.com/jobs/view/risk-management-staff-at-asuransi-astra-3616714403?refId=ch4MA9UTCd2UY7%2FrUoDjKw%3D%3D&trackingId=iW6VnwgPX1IXHV6RgtxwSw%3D%3D&position=25&pageNum=6&trk=public_jobs_jserp-result_search-card
116,2023-04-19,"PT BFI Finance Indonesia, Tbk",Field Collector Motor - Pasuruan,"Kota Pasuruan, East Java, Indonesia",,,,,,https://id.linkedin.com/jobs/view/risk-management-staff-at-asuransi-astra-3616714403?refId=ch4MA9UTCd2UY7%2FrUoDjKw%3D%3D&trackingId=iW6VnwgPX1IXHV6RgtxwSw%3D%3D&position=25&pageNum=6&trk=public_jobs_jserp-result_search-card
117,2023-05-27,Movenpick Jakarta Pecenongan,Room Attendant,"Jakarta, Jakarta, Indonesia",,,,,,https://id.linkedin.com/jobs/view/risk-management-staff-at-asuransi-astra-3616714403?refId=ch4MA9UTCd2UY7%2FrUoDjKw%3D%3D&trackingId=iW6VnwgPX1IXHV6RgtxwSw%3D%3D&position=25&pageNum=6&trk=public_jobs_jserp-result_search-card
118,2023-05-20,PT Terra Rubber Technology,Operator Produksi,"Klaten, Central Java, Indonesia",,,,,,https://id.linkedin.com/jobs/view/risk-management-staff-at-asuransi-astra-3616714403?refId=ch4MA9UTCd2UY7%2FrUoDjKw%3D%3D&trackingId=iW6VnwgPX1IXHV6RgtxwSw%3D%3D&position=25&pageNum=6&trk=public_jobs_jserp-result_search-card
119,2023-05-01,"PT. Modernland Realty, Tbk",Management Trainee,Jakarta Metropolitan Area,,,,,,https://id.linkedin.com/jobs/view/risk-management-staff-at-asuransi-astra-3616714403?refId=ch4MA9UTCd2UY7%2FrUoDjKw%3D%3D&trackingId=iW6VnwgPX1IXHV6RgtxwSw%3D%3D&position=25&pageNum=6&trk=public_jobs_jserp-result_search-card
120,2023-05-17,Indodana,Asset Management Staff,"Jakarta, Jakarta, Indonesia",,,,,,https://id.linkedin.com/jobs/view/risk-management-staff-at-asuransi-astra-3616714403?refId=ch4MA9UTCd2UY7%2FrUoDjKw%3D%3D&trackingId=iW6VnwgPX1IXHV6RgtxwSw%3D%3D&position=25&pageNum=6&trk=public_jobs_jserp-result_search-card
121,2023-05-03,"PT. Summarecon Agung, Tbk.",SURVEYOR (SERPONG),"Serpong, Banten, Indonesia",,,,,,https://id.linkedin.com/jobs/view/risk-management-staff-at-asuransi-astra-3616714403?refId=ch4MA9UTCd2UY7%2FrUoDjKw%3D%3D&trackingId=iW6VnwgPX1IXHV6RgtxwSw%3D%3D&position=25&pageNum=6&trk=public_jobs_jserp-result_search-card
122,2023-04-17,Agung Logistics,Trucking Trailer Operational Staff,"Duri Utara, Jakarta, Indonesia",,,,,,https://id.linkedin.com/jobs/view/risk-management-staff-at-asuransi-astra-3616714403?refId=ch4MA9UTCd2UY7%2FrUoDjKw%3D%3D&trackingId=iW6VnwgPX1IXHV6RgtxwSw%3D%3D&position=25&pageNum=6&trk=public_jobs_jserp-result_search-card
123,2023-04-17,"PT BFI Finance Indonesia, Tbk",Management Trainee DD I,"Jakarta, Jakarta, Indonesia",,,,,,https://id.linkedin.com/jobs/view/risk-management-staff-at-asuransi-astra-3616714403?refId=ch4MA9UTCd2UY7%2FrUoDjKw%3D%3D&trackingId=iW6VnwgPX1IXHV6RgtxwSw%3D%3D&position=25&pageNum=6&trk=public_jobs_jserp-result_search-card
124,2023-04-23,Astra Financial,MT Astra Financial,Jakarta Metropolitan Area,,,,,,https://id.linkedin.com/jobs/view/risk-management-staff-at-asuransi-astra-3616714403?refId=ch4MA9UTCd2UY7%2FrUoDjKw%3D%3D&trackingId=iW6VnwgPX1IXHV6RgtxwSw%3D%3D&position=25&pageNum=6&trk=public_jobs_jserp-result_search-card
125,2023-04-09,PT. Astra Graphia Information Technology (AGIT),Business Consultant,"Jakarta, Indonesia",,,,,,https://id.linkedin.com/jobs/view/risk-management-staff-at-asuransi-astra-3616714403?refId=ch4MA9UTCd2UY7%2FrUoDjKw%3D%3D&trackingId=iW6VnwgPX1IXHV6RgtxwSw%3D%3D&position=25&pageNum=6&trk=public_jobs_jserp-result_search-card
126,2023-04-12,Britannia Hotels Ltd,Food & Beverage Supervisor,"Your, Papua, Indonesia",,,,,,https://id.linkedin.com/jobs/view/risk-management-staff-at-asuransi-astra-3616714403?refId=ch4MA9UTCd2UY7%2FrUoDjKw%3D%3D&trackingId=iW6VnwgPX1IXHV6RgtxwSw%3D%3D&position=25&pageNum=6&trk=public_jobs_jserp-result_search-card
127,2023-05-13,MyRobin.ID,Senior Recruitment Specialist,"Jakarta, Jakarta, Indonesia",,,,,,https://id.linkedin.com/jobs/view/risk-management-staff-at-asuransi-astra-3616714403?refId=ch4MA9UTCd2UY7%2FrUoDjKw%3D%3D&trackingId=iW6VnwgPX1IXHV6RgtxwSw%3D%3D&position=25&pageNum=6&trk=public_jobs_jserp-result_search-card
128,2023-05-27,PT. Equinox Bahari Utama,Third Officer,"Jakarta, Jakarta, Indonesia",,,,,,https://id.linkedin.com/jobs/view/risk-management-staff-at-asuransi-astra-3616714403?refId=ch4MA9UTCd2UY7%2FrUoDjKw%3D%3D&trackingId=iW6VnwgPX1IXHV6RgtxwSw%3D%3D&position=25&pageNum=6&trk=public_jobs_jserp-result_search-card
129,2023-05-09,byOrange,Procurement Staff (Logistic),"Jakarta, Jakarta, Indonesia",,,,,,https://id.linkedin.com/jobs/view/risk-management-staff-at-asuransi-astra-3616714403?refId=ch4MA9UTCd2UY7%2FrUoDjKw%3D%3D&trackingId=iW6VnwgPX1IXHV6RgtxwSw%3D%3D&position=25&pageNum=6&trk=public_jobs_jserp-result_search-card
130,2023-05-29,Sea Safari Cruises,Admin Operasional,"Denpasar, Bali, Indonesia",,,,,,https://id.linkedin.com/jobs/view/risk-management-staff-at-asuransi-astra-3616714403?refId=ch4MA9UTCd2UY7%2FrUoDjKw%3D%3D&trackingId=iW6VnwgPX1IXHV6RgtxwSw%3D%3D&position=25&pageNum=6&trk=public_jobs_jserp-result_search-card
131,2023-05-27,PT. Equinox Bahari Utama,Wiper,"Jakarta, Jakarta, Indonesia",,,,,,https://id.linkedin.com/jobs/view/risk-management-staff-at-asuransi-astra-3616714403?refId=ch4MA9UTCd2UY7%2FrUoDjKw%3D%3D&trackingId=iW6VnwgPX1IXHV6RgtxwSw%3D%3D&position=25&pageNum=6&trk=public_jobs_jserp-result_search-card
132,2023-04-17,Pan Era Group,Sourcing Staff,"Serang, Banten, Indonesia",,,,,,https://id.linkedin.com/jobs/view/risk-management-staff-at-asuransi-astra-3616714403?refId=ch4MA9UTCd2UY7%2FrUoDjKw%3D%3D&trackingId=iW6VnwgPX1IXHV6RgtxwSw%3D%3D&position=25&pageNum=6&trk=public_jobs_jserp-result_search-card
133,2023-04-14,"PT BFI Finance Indonesia, Tbk",Agency Relation Car 2023 - Denpasar,"Denpasar, Bali, Indonesia",,,,,,https://id.linkedin.com/jobs/view/risk-management-staff-at-asuransi-astra-3616714403?refId=ch4MA9UTCd2UY7%2FrUoDjKw%3D%3D&trackingId=iW6VnwgPX1IXHV6RgtxwSw%3D%3D&position=25&pageNum=6&trk=public_jobs_jserp-result_search-card
134,2023-05-26,PT Solusi Kelola Pratama,Field Collector (Sidoarjo),"Sidoarjo, East Java, Indonesia",,,,,,https://id.linkedin.com/jobs/view/risk-management-staff-at-asuransi-astra-3616714403?refId=ch4MA9UTCd2UY7%2FrUoDjKw%3D%3D&trackingId=iW6VnwgPX1IXHV6RgtxwSw%3D%3D&position=25&pageNum=6&trk=public_jobs_jserp-result_search-card
135,2023-05-27,PT Alam Sutera Realty Tbk.,Digital Marketing Specialist,"Tangerang, Banten, Indonesia",,,,,,https://id.linkedin.com/jobs/view/risk-management-staff-at-asuransi-astra-3616714403?refId=ch4MA9UTCd2UY7%2FrUoDjKw%3D%3D&trackingId=iW6VnwgPX1IXHV6RgtxwSw%3D%3D&position=25&pageNum=6&trk=public_jobs_jserp-result_search-card
136,2023-05-22,Waste4Change,Project Officer,"Bekasi, West Java, Indonesia",,,,,,https://id.linkedin.com/jobs/view/risk-management-staff-at-asuransi-astra-3616714403?refId=ch4MA9UTCd2UY7%2FrUoDjKw%3D%3D&trackingId=iW6VnwgPX1IXHV6RgtxwSw%3D%3D&position=25&pageNum=6&trk=public_jobs_jserp-result_search-card
137,2023-04-28,"PT BFI Finance Indonesia, Tbk",PBF Agency Supervisor - Cabang Jakarta Selatan 2,"Pasar Minggu, Jakarta, Indonesia",,,,,,https://id.linkedin.com/jobs/view/risk-management-staff-at-asuransi-astra-3616714403?refId=ch4MA9UTCd2UY7%2FrUoDjKw%3D%3D&trackingId=iW6VnwgPX1IXHV6RgtxwSw%3D%3D&position=25&pageNum=6&trk=public_jobs_jserp-result_search-card
138,2023-05-29,Bobobox,Bob Junior Program - Warehouse & Inventory Control Intern,"Bandung, West Java, Indonesia",,,,,,https://id.linkedin.com/jobs/view/risk-management-staff-at-asuransi-astra-3616714403?refId=ch4MA9UTCd2UY7%2FrUoDjKw%3D%3D&trackingId=iW6VnwgPX1IXHV6RgtxwSw%3D%3D&position=25&pageNum=6&trk=public_jobs_jserp-result_search-card
139,2023-05-19,PT North Sumatera Hydro Energy,Literatures,"Jakarta, Jakarta, Indonesia",,,,,,https://id.linkedin.com/jobs/view/risk-management-staff-at-asuransi-astra-3616714403?refId=ch4MA9UTCd2UY7%2FrUoDjKw%3D%3D&trackingId=iW6VnwgPX1IXHV6RgtxwSw%3D%3D&position=25&pageNum=6&trk=public_jobs_jserp-result_search-card
140,2023-05-27,MyRobin.ID,Recruiter Intern: Jawa Timur Area,"Surabaya, East Java, Indonesia",,,,,,https://id.linkedin.com/jobs/view/risk-management-staff-at-asuransi-astra-3616714403?refId=ch4MA9UTCd2UY7%2FrUoDjKw%3D%3D&trackingId=iW6VnwgPX1IXHV6RgtxwSw%3D%3D&position=25&pageNum=6&trk=public_jobs_jserp-result_search-card
141,2023-05-20,Moladin,Admin Coordinator (Jakarta),Jakarta Metropolitan Area,,,,,,https://id.linkedin.com/jobs/view/risk-management-staff-at-asuransi-astra-3616714403?refId=ch4MA9UTCd2UY7%2FrUoDjKw%3D%3D&trackingId=iW6VnwgPX1IXHV6RgtxwSw%3D%3D&position=25&pageNum=6&trk=public_jobs_jserp-result_search-card
142,2023-05-30,DayaLima Recruitment,Personal Assistant,"Jakarta, Jakarta, Indonesia",,,,,,https://id.linkedin.com/jobs/view/risk-management-staff-at-asuransi-astra-3616714403?refId=ch4MA9UTCd2UY7%2FrUoDjKw%3D%3D&trackingId=iW6VnwgPX1IXHV6RgtxwSw%3D%3D&position=25&pageNum=6&trk=public_jobs_jserp-result_search-card
143,2023-04-19,PT Asuransi Jiwa Astra,Payable,"Jakarta, Jakarta, Indonesia",,,,,,https://id.linkedin.com/jobs/view/risk-management-staff-at-asuransi-astra-3616714403?refId=ch4MA9UTCd2UY7%2FrUoDjKw%3D%3D&trackingId=iW6VnwgPX1IXHV6RgtxwSw%3D%3D&position=25&pageNum=6&trk=public_jobs_jserp-result_search-card
144,2023-05-14,SICEPAT EKSPRES INDONESIA,Assistant Manager Accounting,"Jakarta, Jakarta, Indonesia",,,,,,https://id.linkedin.com/jobs/view/risk-management-staff-at-asuransi-astra-3616714403?refId=ch4MA9UTCd2UY7%2FrUoDjKw%3D%3D&trackingId=iW6VnwgPX1IXHV6RgtxwSw%3D%3D&position=25&pageNum=6&trk=public_jobs_jserp-result_search-card
145,2023-04-17,Agung Logistics,HSE Staff,"Bekasi, West Java, Indonesia",,,,,,https://id.linkedin.com/jobs/view/risk-management-staff-at-asuransi-astra-3616714403?refId=ch4MA9UTCd2UY7%2FrUoDjKw%3D%3D&trackingId=iW6VnwgPX1IXHV6RgtxwSw%3D%3D&position=25&pageNum=6&trk=public_jobs_jserp-result_search-card
146,2023-05-23,PT Bank Muamalat Indonesia Tbk,Customer Service - Kelapa Gading Branch,"Jakarta, Jakarta, Indonesia",,,,,,https://id.linkedin.com/jobs/view/risk-management-staff-at-asuransi-astra-3616714403?refId=ch4MA9UTCd2UY7%2FrUoDjKw%3D%3D&trackingId=iW6VnwgPX1IXHV6RgtxwSw%3D%3D&position=25&pageNum=6&trk=public_jobs_jserp-result_search-card
147,2023-05-23,Sampoerna Academy,SAMPOERNA ACADEMY - HR OFFICER,"Surabaya, East Java, Indonesia",,,,,,https://id.linkedin.com/jobs/view/risk-management-staff-at-asuransi-astra-3616714403?refId=ch4MA9UTCd2UY7%2FrUoDjKw%3D%3D&trackingId=iW6VnwgPX1IXHV6RgtxwSw%3D%3D&position=25&pageNum=6&trk=public_jobs_jserp-result_search-card
148,2023-05-20,Moladin,Admin Coordinator (Serpong),"South Tangerang City, Banten, Indonesia",,,,,,https://id.linkedin.com/jobs/view/risk-management-staff-at-asuransi-astra-3616714403?refId=ch4MA9UTCd2UY7%2FrUoDjKw%3D%3D&trackingId=iW6VnwgPX1IXHV6RgtxwSw%3D%3D&position=25&pageNum=6&trk=public_jobs_jserp-result_search-card
149,2023-05-27,PT. Equinox Bahari Utama,Second Officer,"Jakarta, Jakarta, Indonesia",,,,,,https://id.linkedin.com/jobs/view/risk-management-staff-at-asuransi-astra-3616714403?refId=ch4MA9UTCd2UY7%2FrUoDjKw%3D%3D&trackingId=iW6VnwgPX1IXHV6RgtxwSw%3D%3D&position=25&pageNum=6&trk=public_jobs_jserp-result_search-card
150,2023-05-03,PT. Astra Graphia Information Technology (AGIT),Business Analyst,"Jakarta, Indonesia",,,,,,https://id.linkedin.com/jobs/view/risk-management-staff-at-asuransi-astra-3616714403?refId=ch4MA9UTCd2UY7%2FrUoDjKw%3D%3D&trackingId=iW6VnwgPX1IXHV6RgtxwSw%3D%3D&position=25&pageNum=6&trk=public_jobs_jserp-result_search-card
151,2023-05-02,PT TRIPUTRA AGRO PERSADA GROUP,Asisten Infrastruktur,"Berau, East Kalimantan, Indonesia",,,,,,https://id.linkedin.com/jobs/view/risk-management-staff-at-asuransi-astra-3616714403?refId=ch4MA9UTCd2UY7%2FrUoDjKw%3D%3D&trackingId=iW6VnwgPX1IXHV6RgtxwSw%3D%3D&position=25&pageNum=6&trk=public_jobs_jserp-result_search-card
152,2023-05-03,RevoU,Admission Counselor,Jakarta Metropolitan Area,,,,,,https://id.linkedin.com/jobs/view/risk-management-staff-at-asuransi-astra-3616714403?refId=ch4MA9UTCd2UY7%2FrUoDjKw%3D%3D&trackingId=iW6VnwgPX1IXHV6RgtxwSw%3D%3D&position=25&pageNum=6&trk=public_jobs_jserp-result_search-card
153,2023-05-24,PT Graha Mutu Persada,Administrasi Lapangan,"Mojokerto, East Java, Indonesia",,,,,,https://id.linkedin.com/jobs/view/risk-management-staff-at-asuransi-astra-3616714403?refId=ch4MA9UTCd2UY7%2FrUoDjKw%3D%3D&trackingId=iW6VnwgPX1IXHV6RgtxwSw%3D%3D&position=25&pageNum=6&trk=public_jobs_jserp-result_search-card
154,2023-05-11,UK Ministry of Defence,Army - Safety Officer,"Your, Papua, Indonesia",,,,,,https://id.linkedin.com/jobs/view/risk-management-staff-at-asuransi-astra-3616714403?refId=ch4MA9UTCd2UY7%2FrUoDjKw%3D%3D&trackingId=iW6VnwgPX1IXHV6RgtxwSw%3D%3D&position=25&pageNum=6&trk=public_jobs_jserp-result_search-card
155,2023-05-14,PT. PILAR NIAGA MAKMUR,Customer Service,"Tangerang, Banten, Indonesia",,,,,,https://id.linkedin.com/jobs/view/risk-management-staff-at-asuransi-astra-3616714403?refId=ch4MA9UTCd2UY7%2FrUoDjKw%3D%3D&trackingId=iW6VnwgPX1IXHV6RgtxwSw%3D%3D&position=25&pageNum=6&trk=public_jobs_jserp-result_search-card
156,2023-04-17,Pan Era Group,Driver,"Duri Utara, Jakarta, Indonesia",,,,,,https://id.linkedin.com/jobs/view/risk-management-staff-at-asuransi-astra-3616714403?refId=ch4MA9UTCd2UY7%2FrUoDjKw%3D%3D&trackingId=iW6VnwgPX1IXHV6RgtxwSw%3D%3D&position=25&pageNum=6&trk=public_jobs_jserp-result_search-card
157,2023-05-29,Bobobox,Bob Junior Program - Social Media Intern,"Bandung, West Java, Indonesia",,,,,,https://id.linkedin.com/jobs/view/risk-management-staff-at-asuransi-astra-3616714403?refId=ch4MA9UTCd2UY7%2FrUoDjKw%3D%3D&trackingId=iW6VnwgPX1IXHV6RgtxwSw%3D%3D&position=25&pageNum=6&trk=public_jobs_jserp-result_search-card
158,2023-05-18,PT Tik Star Media Indonesia,General Affair,Jakarta Metropolitan Area,,,,,,https://id.linkedin.com/jobs/view/risk-management-staff-at-asuransi-astra-3616714403?refId=ch4MA9UTCd2UY7%2FrUoDjKw%3D%3D&trackingId=iW6VnwgPX1IXHV6RgtxwSw%3D%3D&position=25&pageNum=6&trk=public_jobs_jserp-result_search-card
159,2023-05-11,"PT Asahimas Flat Glass, Tbk",Purchasing (MT/ Staff),"Jakarta, Jakarta, Indonesia",,,,,,https://id.linkedin.com/jobs/view/risk-management-staff-at-asuransi-astra-3616714403?refId=ch4MA9UTCd2UY7%2FrUoDjKw%3D%3D&trackingId=iW6VnwgPX1IXHV6RgtxwSw%3D%3D&position=25&pageNum=6&trk=public_jobs_jserp-result_search-card
160,2023-04-29,"PT BFI Finance Indonesia, Tbk",Customer Relationship Executive - Branch Bekasi 2,"Bekasi Utara, West Java, Indonesia",,,,,,https://id.linkedin.com/jobs/view/risk-management-staff-at-asuransi-astra-3616714403?refId=ch4MA9UTCd2UY7%2FrUoDjKw%3D%3D&trackingId=iW6VnwgPX1IXHV6RgtxwSw%3D%3D&position=25&pageNum=6&trk=public_jobs_jserp-result_search-card
161,2023-05-26,Halodoc,CRM Associate,"Jakarta, Jakarta, Indonesia",,,,,,https://id.linkedin.com/jobs/view/risk-management-staff-at-asuransi-astra-3616714403?refId=ch4MA9UTCd2UY7%2FrUoDjKw%3D%3D&trackingId=iW6VnwgPX1IXHV6RgtxwSw%3D%3D&position=25&pageNum=6&trk=public_jobs_jserp-result_search-card
162,2023-05-25,PT Solusi Kelola Pratama,Pimpinan Cabang,"Probolinggo, East Java, Indonesia",,,,,,https://id.linkedin.com/jobs/view/risk-management-staff-at-asuransi-astra-3616714403?refId=ch4MA9UTCd2UY7%2FrUoDjKw%3D%3D&trackingId=iW6VnwgPX1IXHV6RgtxwSw%3D%3D&position=25&pageNum=6&trk=public_jobs_jserp-result_search-card
163,2023-05-27,Cakap,HR Admin,"Badung, Bali, Indonesia",,,,,,https://id.linkedin.com/jobs/view/risk-management-staff-at-asuransi-astra-3616714403?refId=ch4MA9UTCd2UY7%2FrUoDjKw%3D%3D&trackingId=iW6VnwgPX1IXHV6RgtxwSw%3D%3D&position=25&pageNum=6&trk=public_jobs_jserp-result_search-card
164,2023-04-19,IDN Media,Creative Chef (F&B Production House),Greater Surabaya,,,,,,https://id.linkedin.com/jobs/view/risk-management-staff-at-asuransi-astra-3616714403?refId=ch4MA9UTCd2UY7%2FrUoDjKw%3D%3D&trackingId=iW6VnwgPX1IXHV6RgtxwSw%3D%3D&position=25&pageNum=6&trk=public_jobs_jserp-result_search-card
165,2023-04-17,PT. Asiasejahtera Perdana Pharmaceutical,HRGA Staff (Jawa Barat),"Bogor, West Java, Indonesia",,,,,,https://id.linkedin.com/jobs/view/risk-management-staff-at-asuransi-astra-3616714403?refId=ch4MA9UTCd2UY7%2FrUoDjKw%3D%3D&trackingId=iW6VnwgPX1IXHV6RgtxwSw%3D%3D&position=25&pageNum=6&trk=public_jobs_jserp-result_search-card
166,2023-05-29,Shopee,Internal Communications,"Jakarta, Indonesia",,,,,,https://id.linkedin.com/jobs/view/risk-management-staff-at-asuransi-astra-3616714403?refId=ch4MA9UTCd2UY7%2FrUoDjKw%3D%3D&trackingId=iW6VnwgPX1IXHV6RgtxwSw%3D%3D&position=25&pageNum=6&trk=public_jobs_jserp-result_search-card
167,2023-05-27,PT. Equinox Bahari Utama,Ordinary Seaman,"Jakarta, Jakarta, Indonesia",,,,,,https://id.linkedin.com/jobs/view/risk-management-staff-at-asuransi-astra-3616714403?refId=ch4MA9UTCd2UY7%2FrUoDjKw%3D%3D&trackingId=iW6VnwgPX1IXHV6RgtxwSw%3D%3D&position=25&pageNum=6&trk=public_jobs_jserp-result_search-card
168,2023-04-23,Shopee,IT Helpdesk - Shopee,"Jakarta, Indonesia",,,,,,https://id.linkedin.com/jobs/view/risk-management-staff-at-asuransi-astra-3616714403?refId=ch4MA9UTCd2UY7%2FrUoDjKw%3D%3D&trackingId=iW6VnwgPX1IXHV6RgtxwSw%3D%3D&position=25&pageNum=6&trk=public_jobs_jserp-result_search-card
169,2023-05-27,Movenpick Jakarta Pecenongan,Store Keeper,"Jakarta, Jakarta, Indonesia",,,,,,https://id.linkedin.com/jobs/view/risk-management-staff-at-asuransi-astra-3616714403?refId=ch4MA9UTCd2UY7%2FrUoDjKw%3D%3D&trackingId=iW6VnwgPX1IXHV6RgtxwSw%3D%3D&position=25&pageNum=6&trk=public_jobs_jserp-result_search-card
170,2023-04-14,PT GITS Indonesia,Sales Manager,"Jakarta, Jakarta, Indonesia",,,,,,https://id.linkedin.com/jobs/view/risk-management-staff-at-asuransi-astra-3616714403?refId=ch4MA9UTCd2UY7%2FrUoDjKw%3D%3D&trackingId=iW6VnwgPX1IXHV6RgtxwSw%3D%3D&position=25&pageNum=6&trk=public_jobs_jserp-result_search-card
171,2023-04-23,Shopee,Category Admin - Business Development (Contract-based),"Jakarta, Indonesia",,,,,,https://id.linkedin.com/jobs/view/risk-management-staff-at-asuransi-astra-3616714403?refId=ch4MA9UTCd2UY7%2FrUoDjKw%3D%3D&trackingId=iW6VnwgPX1IXHV6RgtxwSw%3D%3D&position=25&pageNum=6&trk=public_jobs_jserp-result_search-card
172,2023-05-13,PT. Aarti Jaya,Akunting Staff,"Cimahi, West Java, Indonesia",,,,,,https://id.linkedin.com/jobs/view/risk-management-staff-at-asuransi-astra-3616714403?refId=ch4MA9UTCd2UY7%2FrUoDjKw%3D%3D&trackingId=iW6VnwgPX1IXHV6RgtxwSw%3D%3D&position=25&pageNum=6&trk=public_jobs_jserp-result_search-card
173,2023-05-09,PT. Padi Mulia Jaya,Warehouse Admin,"Tangerang Selatan, Banten, Indonesia",,,,,,https://id.linkedin.com/jobs/view/risk-management-staff-at-asuransi-astra-3616714403?refId=ch4MA9UTCd2UY7%2FrUoDjKw%3D%3D&trackingId=iW6VnwgPX1IXHV6RgtxwSw%3D%3D&position=25&pageNum=6&trk=public_jobs_jserp-result_search-card
174,2023-04-29,Asuransi Astra,Risk Management Staff,"Jakarta, Jakarta, Indonesia",,,,,,https://id.linkedin.com/jobs/view/risk-management-staff-at-asuransi-astra-3616714403?refId=ch4MA9UTCd2UY7%2FrUoDjKw%3D%3D&trackingId=iW6VnwgPX1IXHV6RgtxwSw%3D%3D&position=25&pageNum=6&trk=public_jobs_jserp-result_search-card
